Solution_ID,Solution_Name,Short_Name,Category,Domain,Primary_PBMP_Layer,Primary_CLIPO_Phase,Lifecycle_Role,Purpose_Summary,Target_Audience_Summary,Processes_Enabled_Summary,Artifacts_Managed_Summary,Usage_Mode,Channels,Tech_Realization,Status,Notes
SOL-001,Business Analysis Manager,BAM,Business,Business Analysis,3,C L,Business authoring and governance,Manage business analysis artifacts and linked review approval flows,BA teams business leads,problem framing requirements shaping analysis review,analysis docs notes structured BA artifacts,design-time,web,PBMP-native integrations,Active,Present in latest populated inventory
SOL-002,Report Manager,RM,Business,Reporting Analytics,3,L O,Design operate reports,Create manage publish and govern reports,analysts managers,reporting approvals publishing,report definitions published reports,design-time runtime admin,web,PBMP-native integrations,Active,Present in latest populated inventory
SOL-003,Filter Manager,FM,Support,Reporting Support,3,L O,Filter lifecycle management,Define maintain and reuse filters,analysts admins,dashboard report filtering,filter definitions,design-time runtime admin,web,PBMP-native,Active,Present in latest populated inventory
SOL-004,Expressions Manager,EM,Support,Logic Expressions,3,L O,Expression authoring,Manage formulas expressions and calculated logic,analysts designers,computed fields expression rules,expressions formula blocks,design-time,web,PBMP-native,Active,Present in latest populated inventory
SOL-005,Formatting Manager,FoM,Support,Presentation,3,L O,Presentation control,Manage visual formatting styles and presentation rules,analysts designers,report dashboard styling,formatting rules themes,design-time,web,PBMP-native,Active,Present in latest populated inventory
SOL-006,Canvas Manager,CM,Support,Visualization Composition,3,L O,Composition surface,Control what gets placed on the canvas and how it is arranged,analysts designers,report dashboard composition,canvas layouts,design-time runtime render support,web,PBMP-native,Active,Present in latest populated inventory
SOL-007,Date Manager,DM,Support,Time Date Semantics,3,L O,Date handling,Manage date logic date dimensions and calendar behavior,analysts admins,filter logic time slicing,date rules calendar settings,design-time runtime admin,web,PBMP-native,Active,Present in latest populated inventory
SOL-008,Text Manager,TM,Support,Text Narrative,3,L O,Narrative authoring,Manage text blocks labels commentary and narrative content,analysts authors,report analysis authoring,text snippets annotations,design-time,web,PBMP-native,Active,Present in latest populated inventory
SOL-009,Charts Manager,ChM,Support,Charting,3,L O,Chart definition,Define and manage chart structures and chart behavior,analysts designers,reporting dashboards,chart configs,design-time runtime render support,web,PBMP-native chart libs,Active,Present in latest populated inventory
SOL-010,Diagram Manager,DiM,Support,Diagramming,3,C L,Diagram authoring,Create and manage diagrams and visual analytical models,analysts architects,conceptual logical modeling,diagrams relationship maps,design-time,web,PBMP-native diagram libs,Active,Present in latest populated inventory
SOL-011,Collaboration Manager,CoM,Support,Collaboration,3,Cross-cutting,Collaboration enablement,Support comments reviews sharing and collaboration workflows,all roles,review feedback coordination,comments tasks collaboration records,cross-phase,web email,PBMP-native integrations,Active,Present in latest populated inventory
SOL-012,Data Manager,DaM,Support,Data Metadata,3,L O,Data dependency support,Manage datasets metadata and data dependencies for solution flows,analysts admins,reporting dashboards model support,datasets mappings metadata,design-time runtime admin,web api,PBMP-native integrations,Active,Present in latest populated inventory
SOL-013,Dashboard Manager,DbM,Support,Dashboard Administration,3,L O,Dashboard lifecycle management,Manage dashboards widgets data sources and assignments,analysts admins,dashboard design and admin,dashboard defs widget configs,design-time runtime admin,web,PBMP-native,Active,Present in latest populated inventory
SOL-014,Approval Manager,ApM,Support,Workflow Governance,3,Cross-cutting,Approval control,Manage approvals review routing and decision gates,managers approvers,approval workflows,approval records,cross-phase,web email,PBMP-native,Active,Present in latest populated inventory
SOL-015,Publication Manager,PuM,Support,Publishing Distribution,3,O,Publication lifecycle,Publish governed artifacts to shared destinations,analysts admins,artifact publishing,published assets release packs,runtime admin,web email,PBMP-native integrations,Active,Present in latest populated inventory
SOL-016,Template Manager,TeM,Support,Reuse Standardization,3,L O,Template governance,Manage reusable templates and standard structures,authors designers,standardized creation flows,templates,design-time runtime admin,web,PBMP-native,Active,Present in latest populated inventory
SOL-017,Rules Manager,RuM,Support,Rules Constraints,3,L O,Rule governance,Manage business rules validation rules and constraints,analysts admins,governed execution,rules catalogs,design-time runtime admin,web api,PBMP-native,Active,Present in latest populated inventory
SOL-018,Version Manager,VeM,Support,Versioning Audit,3,Cross-cutting,Version control,Manage versions audit trails and history,all roles,governed change,versions snapshots audit trail,cross-phase,web,PBMP-native,Active,Present in latest populated inventory
SOL-019,Organization Manager,OrM,Support,Organization Ownership,3,C L,Ownership structure,Manage org ownership RACI and business accountability structures,managers architects,org design ownership mapping,org maps RACI views,design-time,web,PBMP-native,Active,Mentioned explicitly in relationships and later expansion state
SOL-020,Notification Manager,NoM,Support,Events Notifications,3,Cross-cutting,Event delivery,Send reminders notifications and escalations,all roles,workflow nudges,event messages reminders,runtime,web email mobile,PBMP-native integrations,Draft,Mentioned as next expansion notification solution family
SOL-021,Security Access Manager,SAM,Support,Security Access,3,O,Access governance,Manage access control permissions and solution-level authorization,admins security,controlled access,access rules roles,runtime admin,web api,PBMP-native security integrations,Draft,Mentioned as next expansion family
SOL-022,Query Manager,QM,Support,Query Retrieval,3,L O,Query control,Manage query definitions and retrieval behavior,analysts admins,data querying,query definitions,design-time runtime admin,web api,PBMP-native,Draft,Mentioned as next expansion family
SOL-023,Workflow Manager,WM,Support,Workflow Orchestration,3,L O,Workflow control,Manage workflow execution and routing,ops teams admins,workflow execution,workflow definitions states,design-time runtime,web api,PBMP-native BPM integrations,Draft,Mentioned as next expansion family
SOL-024,Knowledgebase Manager,KBM,Support,Knowledge Repository,3,O,Knowledge capture,Maintain searchable knowledge and reusable guidance,all roles,knowledge reuse,articles policies notes,runtime admin,web,PBMP-native,Draft,Mentioned as next expansion family KB solution family
SOL-025,Portfolio Manager,PfM,Support,Portfolio Governance,3,C O,Change portfolio control,Govern portfolios that help build capabilities,executives PMO,portfolio planning and governance,portfolio records,design-time runtime governance,web,PBMP-native,Draft,Explicitly classified as support solution
SOL-026,Program Manager,PgM,Support,Program Governance,3,C O,Program coordination,Coordinate programs enabling larger change outcomes,executives PMO,program governance,program records,design-time runtime governance,web,PBMP-native,Draft,Explicitly classified as support solution
SOL-027,Project Manager,PrM,Support,Project Governance,3,I P,Project execution control,Coordinate project delivery and execution control,project teams PMO,delivery governance,project plans status decisions,runtime governance,web,PBMP-native,Draft,Explicitly classified as support solution
SOL-028,Problem Statement Manager,PSM,Business,Concept Framing,3,C,Concept authoring,Create and manage problem statements,business leads analysts,conceptual initiation,problem statements,design-time,web,PBMP-native authoring tools,Draft,Explicitly listed in Conceptual phase solutions
SOL-029,Business Case Manager,BCM,Business,Concept Business Case,3,C,Business case authoring,Create and manage business case dockets and evidence,sponsors analysts,conceptual approval flow,business case dockets,design-time,web,PBMP-native docs sheets slides,Draft,Explicitly listed in Conceptual phase solutions
SOL-030,Sponsorship Decision Manager,SDM,Business,Sponsorship Decisioning,3,C,Sponsor decisioning,Support sponsor review clarification approval and rejection decisions,sponsors executives,conceptual approvals,decision records,design-time,web email,PBMP-native,Draft,Explicitly listed in Conceptual phase table
SOL-031,Business Requirements Manager,BRM,Business,Requirements,3,C L,Requirements authoring,Manage BRS seed and business requirements dockets,analysts business owners,requirements shaping,requirement records,design-time,web,PBMP-native repository integrations,Draft,Explicitly listed in Conceptual phase solutions
SOL-032,Stakeholder Manager,StM,Business,Stakeholder Analysis,3,C,Stakeholder registry,Manage stakeholder registers and stakeholder analysis,analysts managers,stakeholder analysis,stakeholder records,design-time,web,PBMP-native,Draft,Explicitly listed in Conceptual phase solutions
SOL-033,Scope Manager,ScM,Business,Scope Definition,3,C,Scope control,Define scope and out-of-scope boundaries,analysts business owners,scope definition,scope artifacts,design-time,web,PBMP-native,Draft,Explicitly listed in Conceptual phase solutions
SOL-034,Use Case Manager,UCM,Business,Use Cases,3,C,Use case authoring,Manage high-level use cases,analysts designers,use case shaping,use case dockets,design-time,web,PBMP-native diagramming integrations,Draft,Explicitly listed in Conceptual phase solutions
SOL-035,Workflow Concept Manager,WCM,Business,Workflow Concepting,3,C,High-level flow modeling,Manage conceptual workflow and business flow models,analysts process teams,early workflow design,workflow concept models,design-time,web,PBMP-native BPM diagramming integrations,Draft,Explicitly listed in Conceptual phase solutions
SOL-036,Capability Manager,CapM,Business,Capability Mapping,3,C L,Capability mapping,Manage capability maps and heatmaps,business architects executives,capability analysis,capability maps,design-time,web,PBMP-native graphing integrations,Draft,Explicitly listed in Conceptual phase solutions
SOL-037,Competency Manager,CnM,Business,Competency Mapping,3,C L,Competency mapping,Manage competency maps and role-competency views,HR managers architects,competency analysis,competency matrices,design-time,web,PBMP-native matrix graph integrations,Draft,Explicitly listed in Conceptual and Logical phase solutions
SOL-038,RAID Manager,RDM,Business,RAID Tracking,3,C O,RAID governance,Manage risks assumptions issues and dependencies,managers PMO risk issue governance,risk issue governance,RAID registers,design-time runtime governance,web,PBMP-native,Draft,Explicitly listed in Conceptual phase solutions
SOL-039,Test Strategy Manager,TSM,Business,Testing Strategy,3,C L,Testing strategy authoring,Manage test strategy and testing principles,QA leads analysts,test planning,strategy docs,design-time,web,PBMP-native,Draft,Explicitly listed in Conceptual and Logical phase solutions
SOL-040,UAT Acceptance Manager,UATM,Business,Acceptance,3,C L,Acceptance definition,Manage user acceptance plans and success contracts,business owners QA analysts,acceptance planning,UAT plans acceptance criteria,design-time,web,PBMP-native,Draft,Explicitly listed in Conceptual phase solutions
SOL-041,Prototype Mockup Manager,PMM,Business,Prototyping,3,C L,Prototype design,Manage mockups wireframes and conceptual prototypes,designers analysts,UI concepting,mockups wireframes,design-time,web,PBMP-native design integrations,Draft,Explicitly listed in Conceptual phase solutions
SOL-042,Logic Definition Manager,LDM,Business,Logic Definition,3,C,Structured logic authoring,Manage high-level pseudocode and structured business logic blocks,analysts designers,logic framing,logic blocks pseudocode,design-time,web,PBMP-native low-code logic builder,Draft,Explicitly listed in Conceptual phase solutions
SOL-043,Executive Docket Manager,EDM,Business,Executive Governance,3,C,Executive packaging,Manage concept notes executive summaries and board papers,executives sponsors,executive review,board papers concept notes,design-time,web,PBMP-native docs slides integrations,Draft,Explicitly listed in Conceptual phase table
SOL-044,Decision Management Solution,DMS,Support,Decision Logging,3,C O,Decision record control,Manage decision logs and approval logs,managers PMO auditors,decision governance,decision logs audit records,cross-phase,web,PBMP-native,Draft,Explicitly listed in Conceptual phase table
SOL-045,Dashboarding Solution,DBS,Support,Dashboarding,3,C O,KPI dashboard visuals,Support early dashboards KPI framing and later operational dashboarding,executives analysts,visualization and monitoring,dashboard views,design-time runtime,web,PBMP-native,Draft,Explicitly listed in Conceptual phase table
SOL-046,Visualization Solution,VS,Support,Visualization,3,C L,Visual support,Provide charts diagrams maps and visual explanatory support,analysts architects designers,analysis and design support,diagrams charts visuals,design-time,web,PBMP-native libraries,Draft,Explicitly listed repeatedly as support solution family
SOL-047,Evidence Attachment Solution,EAS,Support,Evidence Attachments,3,C,Evidence management,Attach and maintain supporting evidence for business cases,sponsors analysts,business case support,evidence files,design-time,web,PBMP-native repository support,Draft,Explicitly listed in Business Case row
SOL-048,Commenting Review Solution,CRS,Support,Commenting Review,3,C L,Review workflow support,Support comments threaded reviews and review cycles,all roles,review and refinement,comments review threads,cross-phase,web email,PBMP-native,Draft,Explicitly listed in Conceptual rows
SOL-049,Requirements Repository Solution,RRS,Support,Repository Requirements,3,C L,Requirements storage,Store version and retrieve requirements artifacts,analysts QA,requirements management,requirement repositories,design-time,web,PBMP-native,Draft,Explicitly listed in Business Requirements and Traceability contexts
SOL-050,Matrix Registry Solution,MRS,Support,Matrix Registry,3,C L,Structured registers,Support registry and matrix-style maintenance,analysts managers,stakeholder competency organization views,matrices registries,design-time,web,PBMP-native grid support,Draft,Explicitly listed in Conceptual and Logical rows
SOL-051,Approval Workflow Solution,AWS,Support,Approval Workflow,3,Cross-cutting,Workflow routing,Route approvals rework and signoffs,managers approvers,governed approvals,approval workflow states,cross-phase,web email,PBMP-native,Draft,Explicitly repeated across phases
SOL-052,Traceability Solution,TRS,Support,Traceability,3,L Change,End-to-end linking,Link requirements designs tests and approvals,analysts QA architects,lifecycle traceability,trace links audit maps,design-time governance,web,PBMP-native,Draft,Explicitly repeated across Conceptual Logical work
SOL-053,Repository Solution,RS,Support,Repository,3,Cross-cutting,Central storage,Store and retrieve governed artifacts,all roles,controlled storage,documents models releases,cross-phase,web,PBMP-native external storage integrations,Draft,Explicitly referenced in conceptual publishing storage flows
SOL-054,Presentation Solution,PS,Support,Presentation,3,C,Presentation packaging,Support presentation assembly for executive board review,executives analysts,board and review communication,slide decks presentation packs,design-time,web,integrated presentation tools,Draft,Explicitly listed in executive review support contexts
SOL-055,No-code Low-code Logic Builder,NLB,Support,Low-code Logic,3,C L,Logic assembly,Support structured logic rule assembly without full coding,analysts designers,prototype and logic assembly,logic models rules,design-time,web,PBMP-native,Draft,Explicitly referenced in logic prototype contexts
SOL-056,Engineering Standards Manager,ESM,Support,Engineering Standards,3,L,Standards governance,Manage coding guidelines and engineering standards,engineering leads,engineering governance,standards docs,design-time,web,PBMP-native KB support,Draft,Explicitly listed in Logical phase table
SOL-057,Process Manager,ProM,Support,Process Workflow Management,3,C L O,Process design and execution governance,Manage processes process definitions decomposition ownership execution monitoring and improvement across PBMP lifecycle,process owners BAs ops managers transformation teams,process discovery modeling governance operational review improvement,process maps SOP links swimlanes process definitions KPIs ownership mappings,design-time runtime governance,web api,PBMP-native BPM workflow integrations,Draft,Logical addition per Process Workflow emphasis; PDF preserved inventory tables did not include latest Process Manager row; PDF anchors process emphasis repeatedly
